id,first_name,last_name,email,gender,job_title
1,Bendix,Marchington,bmarchington0@businessweek.com,Polygender,Structural Analysis Engineer
2,Lewiss,Shelly,lshelly1@1688.com,Male,Marketing Manager
3,Hatty,Baudain,hbaudain2@cmu.edu,Female,Recruiter
4,Mickie,Grog,mgrog3@google.com.br,Female,Sales Associate
5,Gladi,Castano,gcastano4@aboutads.info,Female,Sales Representative
6,Lanita,Luppitt,lluppitt5@ifeng.com,Female,Executive Secretary
7,Micheil,Pethick,mpethick6@seesaa.net,Bigender,Design Engineer
8,Lynnette,Dumini,ldumini7@washington.edu,Female,Automation Specialist IV
9,Henderson,Yoseloff,hyoseloff8@cloudflare.com,Genderfluid,Legal Assistant
10,Missy,Mager,mmager9@imgur.com,Female,Web Developer III
11,Darleen,Lowrance,dlowrancea@admin.ch,Female,Software Engineer III
12,Gunter,Korba,gkorbab@psu.edu,Male,Electrical Engineer
13,Caitlin,Goodinge,cgoodingec@cnbc.com,Agender,Database Administrator III
14,Des,Browse,dbrowsed@barnesandnoble.com,Male,Staff Accountant III
15,Stanton,Shevill,ssheville@examiner.com,Male,Dental Hygienist
16,Hedwiga,Culp,hculpf@earthlink.net,Female,Programmer IV
17,Cirilo,Millea,cmilleag@youtube.com,Male,Design Engineer
18,Melita,Roskam,mroskamh@mail.ru,Female,GIS Technical Architect
19,Ceil,Mainwaring,cmainwaringi@gmpg.org,Female,Office Assistant I
20,Meir,Casa,mcasaj@oakley.com,Bigender,VP Quality Control
21,Oliy,Doxey,odoxeyk@xrea.com,Female,Structural Engineer
22,Hobey,Baldin,hbaldinl@smh.com.au,Male,Registered Nurse
23,Baird,Flarity,bflaritym@godaddy.com,Male,Health Coach IV
24,Julienne,Fusco,jfuscon@multiply.com,Agender,Staff Accountant I
25,Andreas,Kennerknecht,akennerknechto@geocities.com,Male,Professor
26,Adrianna,Tweed,atweedp@imageshack.us,Female,Clinical Specialist
27,Rollins,Rubenov,rrubenovq@fda.gov,Male,Assistant Media Planner
28,Normie,Damiral,ndamiralr@indiatimes.com,Male,Staff Scientist
29,Justina,Addy,jaddys@i2i.jp,Female,Internal Auditor
30,Lari,Ramsier,lramsiert@studiopress.com,Female,Data Coordinator
31,Barrie,Liebrecht,bliebrechtu@chicagotribune.com,Female,Sales Representative
32,Layne,Bitten,lbittenv@unc.edu,Female,Account Coordinator
33,Aldous,Roman,aromanw@vkontakte.ru,Male,Project Manager
34,Frederique,Paladini,fpaladinix@jalbum.net,Female,Software Test Engineer IV
35,Lee,Mixture,lmixturey@youtube.com,Female,Assistant Manager
36,Rebecka,Staresmeare,rstaresmearez@eepurl.com,Female,Staff Accountant I
37,Coop,Megarry,cmegarry10@google.co.uk,Male,Budget/Accounting Analyst II
38,Albrecht,Greenside,agreenside11@dagondesign.com,Male,Social Worker
39,Ashton,Pleat,apleat12@cyberchimps.com,Male,Registered Nurse
40,Ulrike,Rilton,urilton13@mozilla.org,Female,Senior Sales Associate
41,Hillery,Alban,halban14@engadget.com,Male,Computer Systems Analyst I
42,Mary,Dun,mdun15@yellowbook.com,Female,Senior Financial Analyst
43,Carver,De Biasi,cdebiasi16@telegraph.co.uk,Male,Accounting Assistant III
44,Dorri,Shemelt,dshemelt17@tinyurl.com,Female,Clinical Specialist
45,Xena,Cardall,xcardall18@vk.com,Female,Research Associate
46,Aldin,Orcott,aorcott19@prlog.org,Male,Nurse
47,Maximilian,Caseley,mcaseley1a@chronoengine.com,Male,Technical Writer
48,Cross,Turbat,cturbat1b@usa.gov,Male,Junior Executive
49,Mauricio,Housaman,mhousaman1c@csmonitor.com,Male,Compensation Analyst
50,Kristy,Condon,kcondon1d@exblog.jp,Female,Geological Engineer
51,Merlina,Durham,mdurham1e@ycombinator.com,Female,Automation Specialist II
52,Vivi,Raine,vraine1f@techcrunch.com,Female,Clinical Specialist
53,Tremaine,Meekings,tmeekings1g@senate.gov,Male,Financial Advisor
54,Esma,McAndrew,emcandrew1h@japanpost.jp,Female,Teacher
55,Mireielle,Stannett,mstannett1i@e-recht24.de,Female,GIS Technical Architect
56,Hazel,Althorp,halthorp1j@constantcontact.com,Male,Business Systems Development Analyst
57,Halsy,Breckin,hbreckin1k@alexa.com,Male,Senior Cost Accountant
58,Cecilio,Quarrie,cquarrie1l@1und1.de,Male,VP Product Management
59,Arabel,Goom,agoom1m@tumblr.com,Female,Physical Therapy Assistant
60,Shannen,Warnock,swarnock1n@eepurl.com,Female,Help Desk Technician
61,Coral,Griffey,cgriffey1o@posterous.com,Female,Chemical Engineer
62,Kore,Mallalieu,kmallalieu1p@ow.ly,Female,Structural Engineer
63,Sheff,Easdon,seasdon1q@elpais.com,Male,Staff Scientist
64,Hanna,Kneller,hkneller1r@bloomberg.com,Female,Information Systems Manager
65,Cord,Judd,cjudd1s@yandex.ru,Male,General Manager
66,Wiatt,Peche,wpeche1t@shutterfly.com,Male,Engineer I
67,Sandy,Ducker,sducker1u@berkeley.edu,Female,Statistician I
68,Seline,Heape,sheape1v@imdb.com,Female,Nurse Practicioner
69,Aloysia,Philipet,aphilipet1w@surveymonkey.com,Female,Human Resources Manager
70,Theresina,Havoc,thavoc1x@geocities.com,Female,Human Resources Assistant II
71,Chastity,Gofford,cgofford1y@joomla.org,Female,Senior Developer
72,Carlota,Burnes,cburnes1z@vinaora.com,Female,Engineer II
73,Lyndsey,Luto,lluto20@imageshack.us,Female,Research Assistant IV
74,Whit,Moniker,wmoniker21@ycombinator.com,Male,Analyst Programmer
75,Giffard,Parkinson,gparkinson22@wunderground.com,Male,Clinical Specialist
76,Noel,Denecamp,ndenecamp23@deliciousdays.com,Bigender,Statistician III
77,Shay,Fields,sfields24@imdb.com,Male,Senior Developer
78,Lovell,Corter,lcorter25@t.co,Male,Operator
79,Delphinia,Debill,ddebill26@nyu.edu,Female,Help Desk Technician
80,Carlin,Maunders,cmaunders27@walmart.com,Female,Pharmacist
81,Malvin,Ridgley,mridgley28@dell.com,Male,GIS Technical Architect
82,Vin,Barthram,vbarthram29@cocolog-nifty.com,Agender,Information Systems Manager
83,Roger,Stenner,rstenner2a@google.de,Male,Software Test Engineer I
84,Queenie,Rumgay,qrumgay2b@chronoengine.com,Female,Senior Developer
85,Mikel,Vaughton,mvaughton2c@bizjournals.com,Male,Assistant Manager
86,Karlis,Matten,kmatten2d@cdc.gov,Polygender,Tax Accountant
87,Hillyer,Lamboll,hlamboll2e@mayoclinic.com,Male,Marketing Assistant
88,Berty,Kershaw,bkershaw2f@newsvine.com,Female,Office Assistant III
89,Josephina,Rummery,jrummery2g@wunderground.com,Female,Financial Advisor
90,Winslow,Greiser,wgreiser2h@blog.com,Male,Systems Administrator II
91,Olia,Dalwood,odalwood2i@spiegel.de,Female,Administrative Officer
92,Raffarty,Last,rlast2j@opensource.org,Male,Account Coordinator
93,Kelli,Batty,kbatty2k@bloomberg.com,Female,Project Manager
94,Dilan,Wigin,dwigin2l@surveymonkey.com,Male,Human Resources Manager
95,Emelyne,Sculpher,esculpher2m@livejournal.com,Female,Account Executive
96,Antonin,Royson,aroyson2n@ameblo.jp,Male,Sales Representative
97,Gipsy,Garmans,ggarmans2o@upenn.edu,Female,Associate Professor
98,Geno,Bachmann,gbachmann2p@bravesites.com,Male,Web Developer III
99,Wyn,Pavey,wpavey2q@dyndns.org,Male,Office Assistant I
100,Jacinthe,Dowdell,jdowdell2r@symantec.com,Female,Statistician I
101,Rem,Lavrick,rlavrick2s@foxnews.com,Male,Biostatistician III
102,Parsifal,Hansed,phansed2t@ftc.gov,Male,Structural Analysis Engineer
103,Fae,Jonke,fjonke2u@seesaa.net,Female,Director of Sales
104,Tracee,Bysh,tbysh2v@loc.gov,Female,Marketing Manager
105,Emalee,Dumper,edumper2w@opera.com,Non-binary,Information Systems Manager
106,Padgett,Menere,pmenere2x@ihg.com,Male,Quality Engineer
107,Edie,Schachter,eschachter2y@domainmarket.com,Female,Research Assistant IV
108,Nathanael,Gwatkin,ngwatkin2z@seesaa.net,Male,Registered Nurse
109,Tawsha,Isakovitch,tisakovitch30@huffingtonpost.com,Female,Structural Analysis Engineer
110,Kaitlynn,MacCook,kmaccook31@theguardian.com,Female,Compensation Analyst
111,Becka,Hinchshaw,bhinchshaw32@storify.com,Female,Research Assistant III
112,Marie-jeanne,Kirkbride,mkirkbride33@ox.ac.uk,Female,Financial Analyst
113,Hazlett,Highwood,hhighwood34@booking.com,Bigender,Director of Sales
114,Eleonora,Shallcrass,eshallcrass35@quantcast.com,Genderqueer,Analyst Programmer
115,Friederike,Tire,ftire36@noaa.gov,Female,Programmer Analyst III
116,Ash,Fullager,afullager37@constantcontact.com,Male,Civil Engineer
117,Lynnea,Stopp,lstopp38@reverbnation.com,Female,Food Chemist
118,Eadmund,Macy,emacy39@mapy.cz,Male,Staff Accountant III
119,Brandyn,Coleridge,bcoleridge3a@theglobeandmail.com,Male,Developer I
120,Lammond,Gillogley,lgillogley3b@typepad.com,Male,Accounting Assistant III
121,Rourke,Rickcord,rrickcord3c@eventbrite.com,Male,Chief Design Engineer
122,Osgood,Solomon,osolomon3d@wunderground.com,Male,Community Outreach Specialist
123,Ferdy,Brinkler,fbrinkler3e@newyorker.com,Male,Tax Accountant
124,Hobey,Crosham,hcrosham3f@about.com,Male,Occupational Therapist
125,Arlan,Swaffer,aswaffer3g@mozilla.com,Male,Nurse
126,Dougy,Seeking,dseeking3h@wsj.com,Male,Software Test Engineer IV
127,Scarlet,Chrispin,schrispin3i@economist.com,Female,Community Outreach Specialist
128,Burty,Lambertazzi,blambertazzi3j@t-online.de,Bigender,Teacher
129,Frederica,Handmore,fhandmore3k@intel.com,Female,Financial Analyst
130,Prent,Beaglehole,pbeaglehole3l@netscape.com,Male,Mechanical Systems Engineer
131,Charmane,Tweedie,ctweedie3m@facebook.com,Female,Developer II
132,Lincoln,Targett,ltargett3n@angelfire.com,Male,Assistant Professor
133,Eward,Lutwyche,elutwyche3o@google.co.jp,Male,Senior Cost Accountant
134,Francis,Surtees,fsurtees3p@alexa.com,Non-binary,Database Administrator IV
135,Merla,Dinsell,mdinsell3q@mapy.cz,Female,Pharmacist
136,Isac,Bischop,ibischop3r@technorati.com,Male,Media Manager IV
137,Garrek,Overy,govery3s@moonfruit.com,Male,Systems Administrator II
138,Harald,Baynon,hbaynon3t@mac.com,Male,Registered Nurse
139,Amye,Gentry,agentry3u@cpanel.net,Female,Web Developer II
140,Riobard,Casebourne,rcasebourne3v@thetimes.co.uk,Male,Mechanical Systems Engineer
141,Jerrilee,Bittlestone,jbittlestone3w@is.gd,Polygender,Quality Control Specialist
142,Shani,O'Gormally,sogormally3x@patch.com,Female,Internal Auditor
143,Basilio,Hultberg,bhultberg3y@technorati.com,Male,Database Administrator II
144,Charla,Mellem,cmellem3z@seattletimes.com,Female,Product Engineer
145,Perry,Eate,peate40@tripadvisor.com,Male,Research Associate
146,Mia,Bremeyer,mbremeyer41@ftc.gov,Female,Quality Control Specialist
147,Lainey,Santacrole,lsantacrole42@nature.com,Female,Staff Scientist
148,Giulietta,Rabley,grabley43@e-recht24.de,Female,Payment Adjustment Coordinator
149,Desmund,Donati,ddonati44@fotki.com,Male,Chief Design Engineer
150,Ermengarde,Borg-Bartolo,eborgbartolo45@prweb.com,Female,Registered Nurse
151,Benton,Dicker,bdicker46@unesco.org,Male,Financial Advisor
152,Roseline,Paudin,rpaudin47@paypal.com,Agender,Legal Assistant
153,Clevey,Ager,cager48@amazon.com,Male,Food Chemist
154,Brock,Toll,btoll49@latimes.com,Male,Geological Engineer
155,Christin,Paiton,cpaiton4a@nba.com,Female,Librarian
156,Nicolina,Sherwell,nsherwell4b@epa.gov,Genderfluid,Clinical Specialist
157,Dianna,Morrilly,dmorrilly4c@ebay.com,Female,Administrative Officer
158,Phillie,Tipper,ptipper4d@phoca.cz,Female,Operator
159,Sophia,Foulds,sfoulds4e@discuz.net,Female,Librarian
160,Andre,Beaman,abeaman4f@cdbaby.com,Male,Research Assistant I
161,Oswell,Heller,oheller4g@cargocollective.com,Male,Programmer IV
162,Morena,Richings,mrichings4h@columbia.edu,Female,Senior Financial Analyst
163,Tymon,Lamkin,tlamkin4i@live.com,Male,Assistant Professor
164,Nettie,Gosnold,ngosnold4j@lulu.com,Female,Clinical Specialist
165,Delmar,Edgcombe,dedgcombe4k@twitpic.com,Male,Associate Professor
166,Alysa,Renackowna,arenackowna4l@parallels.com,Female,Pharmacist
167,Fawnia,Kirrage,fkirrage4m@cafepress.com,Female,Structural Engineer
168,Clair,De Fraine,cdefraine4n@phpbb.com,Female,Safety Technician I
169,Guendolen,Vasser,gvasser4o@ow.ly,Female,Graphic Designer
170,Stanley,Waggatt,swaggatt4p@cargocollective.com,Male,Structural Engineer
171,Kassie,Kehir,kkehir4q@illinois.edu,Female,Compensation Analyst
172,Stormy,MacArthur,smacarthur4r@phpbb.com,Female,Programmer Analyst IV
173,Jo-ann,Spores,jspores4s@nifty.com,Polygender,Associate Professor
174,Arvin,Snadden,asnadden4t@blogger.com,Male,Product Engineer
175,Esma,Vida,evida4u@tmall.com,Female,Systems Administrator II
176,Haydon,Cortese,hcortese4v@marriott.com,Male,VP Marketing
177,Liesa,Oran,loran4w@studiopress.com,Female,Marketing Assistant
178,Berkeley,Bugbird,bbugbird4x@instagram.com,Male,Structural Analysis Engineer
179,Leoline,Copas,lcopas4y@cnet.com,Female,Account Coordinator
180,Horace,Boshers,hboshers4z@npr.org,Male,Recruiting Manager
181,Marj,Reyes,mreyes50@usgs.gov,Female,Desktop Support Technician
182,Laurene,Gallaher,lgallaher51@columbia.edu,Female,Research Associate
183,Gaston,Burgon,gburgon52@foxnews.com,Male,General Manager
184,Adlai,McCafferty,amccafferty53@hhs.gov,Male,Data Coordinator
185,Edeline,Chevis,echevis54@adobe.com,Female,Staff Accountant II
186,Yorgo,Murrill,ymurrill55@multiply.com,Male,Senior Cost Accountant
187,Teddie,Pitsall,tpitsall56@soup.io,Female,Structural Analysis Engineer
188,Mandel,Belchem,mbelchem57@hubpages.com,Male,Junior Executive
189,Farrell,Sargison,fsargison58@trellian.com,Male,Pharmacist
190,Trula,Noraway,tnoraway59@bing.com,Female,Chief Design Engineer
191,Lauri,Hunnicutt,lhunnicutt5a@virginia.edu,Female,Director of Sales
192,Lorri,Gouth,lgouth5b@state.gov,Female,Clinical Specialist
193,Jeffrey,Stobart,jstobart5c@de.vu,Male,Teacher
194,Sean,Clack,sclack5d@eepurl.com,Male,Senior Editor
195,Kimmi,Bulford,kbulford5e@live.com,Female,Actuary
196,Alexis,Haselwood,ahaselwood5f@google.nl,Female,Assistant Media Planner
197,Hakim,Lapish,hlapish5g@vinaora.com,Male,Graphic Designer
198,Burch,Edeler,bedeler5h@harvard.edu,Male,Account Coordinator
199,Alwin,McQuarter,amcquarter5i@mozilla.com,Male,Senior Editor
200,Marten,McLugish,mmclugish5j@1688.com,Male,Software Consultant
201,Eartha,Girdwood,egirdwood5k@cnn.com,Female,Cost Accountant
202,Mavis,Greatrex,mgreatrex5l@1688.com,Female,Graphic Designer
203,Birgit,Cham,bcham5m@aol.com,Female,Editor
204,Urbanus,Beacock,ubeacock5n@miibeian.gov.cn,Agender,Marketing Manager
205,Alwyn,Dorling,adorling5o@purevolume.com,Male,Programmer Analyst IV
206,Gregoor,Bransgrove,gbransgrove5p@simplemachines.org,Male,Editor
207,Marten,Cabral,mcabral5q@disqus.com,Male,Actuary
208,Marthe,Wing,mwing5r@prnewswire.com,Female,Product Engineer
209,Blayne,Lemmertz,blemmertz5s@feedburner.com,Male,Administrative Assistant II
210,Loleta,MacMenamie,lmacmenamie5t@ezinearticles.com,Female,Biostatistician II
211,Maxie,Stennings,mstennings5u@sbwire.com,Female,Engineer III
212,Ash,Jouning,ajouning5v@craigslist.org,Male,Teacher
213,Jasper,Pandey,jpandey5w@mozilla.org,Male,Project Manager
214,Tabor,Narramor,tnarramor5x@unblog.fr,Male,Account Coordinator
215,Gipsy,Hamberstone,ghamberstone5y@barnesandnoble.com,Female,Research Associate
216,Garwin,Naisey,gnaisey5z@mlb.com,Male,Executive Secretary
217,Misty,Drayn,mdrayn60@comsenz.com,Genderqueer,Electrical Engineer
218,Cherice,Gossage,cgossage61@sakura.ne.jp,Agender,Web Designer II
219,Marietta,McCorkell,mmccorkell62@who.int,Male,Technical Writer
220,Alphard,Gettings,agettings63@bloomberg.com,Male,Recruiter
221,Wally,Gasson,wgasson64@hp.com,Male,Tax Accountant
222,Ag,Wooding,awooding65@t-online.de,Female,Environmental Specialist
223,Marjie,Pessler,mpessler66@businesswire.com,Female,Engineer III
224,Lammond,Tythe,ltythe67@rakuten.co.jp,Polygender,Nuclear Power Engineer
225,Murial,Barends,mbarends68@hostgator.com,Genderfluid,Account Representative III
226,Bronnie,Olyfat,bolyfat69@feedburner.com,Male,VP Accounting
227,Chastity,MacRorie,cmacrorie6a@fda.gov,Female,Quality Control Specialist
228,Nathanil,Hauxley,nhauxley6b@sbwire.com,Male,Teacher
229,Tristam,Saltwell,tsaltwell6c@cargocollective.com,Male,Media Manager II
230,Val,Tomik,vtomik6d@netlog.com,Male,Analog Circuit Design manager
231,Dillie,BoHlingolsen,dbohlingolsen6e@ocn.ne.jp,Male,Director of Sales
232,Odele,Burns,oburns6f@squidoo.com,Female,Junior Executive
233,Ileane,Spoward,ispoward6g@samsung.com,Female,Operator
234,Jandy,Nicholson,jnicholson6h@opera.com,Female,Payment Adjustment Coordinator
235,Laverna,Point,lpoint6i@wikimedia.org,Female,Web Developer IV
236,Siffre,Dadd,sdadd6j@macromedia.com,Genderfluid,Software Engineer IV
237,Kelbee,Royden,kroyden6k@cbsnews.com,Male,Media Manager III
238,Petronia,Trout,ptrout6l@hhs.gov,Female,VP Sales
239,Sloan,Pummell,spummell6m@ebay.com,Male,Nuclear Power Engineer
240,Lilia,Catlow,lcatlow6n@imdb.com,Polygender,Recruiter
241,Zaneta,Breukelman,zbreukelman6o@spiegel.de,Female,Software Engineer IV
242,Izaak,Lister,ilister6p@technorati.com,Male,Statistician IV
243,Junina,Esmond,jesmond6q@blog.com,Female,Speech Pathologist
244,Lilly,Loding,lloding6r@pen.io,Female,Senior Cost Accountant
245,Parnell,Coughlin,pcoughlin6s@guardian.co.uk,Male,Software Test Engineer II
246,Mariya,Pauler,mpauler6t@4shared.com,Female,Senior Editor
247,Devlin,Reach,dreach6u@nationalgeographic.com,Male,Senior Financial Analyst
248,Nat,Craker,ncraker6v@whitehouse.gov,Male,Staff Scientist
249,Thayne,Dearsley,tdearsley6w@com.com,Male,Recruiter
250,Frederik,Bille,fbille6x@flickr.com,Male,Tax Accountant
251,Rania,Letessier,rletessier6y@icq.com,Female,Librarian
252,Felice,Gale,fgale6z@ehow.com,Female,Community Outreach Specialist
253,Godard,Morando,gmorando70@free.fr,Male,Senior Financial Analyst
254,Prudy,Barrar,pbarrar71@newyorker.com,Female,Actuary
255,Colas,Bemment,cbemment72@ezinearticles.com,Genderqueer,Programmer Analyst I
256,Eden,Poulney,epoulney73@chronoengine.com,Female,Database Administrator III
257,Ruth,Segge,rsegge74@stumbleupon.com,Female,Senior Quality Engineer
258,Abagail,Abbey,aabbey75@blog.com,Female,Analyst Programmer
259,Sarine,Wulfinger,swulfinger76@eepurl.com,Female,Executive Secretary
260,Jenica,Stairmond,jstairmond77@elpais.com,Female,Nurse
261,Lothaire,Lorkins,llorkins78@forbes.com,Male,Legal Assistant
262,Sheila-kathryn,Rouby,srouby79@loc.gov,Female,Sales Representative
263,Spike,Coyle,scoyle7a@webnode.com,Male,Software Engineer I
264,Karrah,Brood,kbrood7b@google.co.uk,Female,Structural Analysis Engineer
265,Jesse,Myhill,jmyhill7c@smugmug.com,Male,Media Manager I
266,Paddie,Auld,pauld7d@marketwatch.com,Male,Sales Representative
267,Michal,Jeyness,mjeyness7e@nature.com,Male,Community Outreach Specialist
268,Jed,Keijser,jkeijser7f@plala.or.jp,Male,Structural Analysis Engineer
269,Celie,Angus,cangus7g@moonfruit.com,Female,Geological Engineer
270,Edward,Carse,ecarse7h@psu.edu,Male,Technical Writer
271,Alidia,Gladdis,agladdis7i@hugedomains.com,Female,Account Representative I
272,Cody,Urch,curch7j@nymag.com,Male,Marketing Assistant
273,Gates,Colliford,gcolliford7k@aboutads.info,Agender,Account Executive
274,Kristofor,Dowley,kdowley7l@time.com,Male,Geological Engineer
275,Pen,Tappington,ptappington7m@foxnews.com,Female,Health Coach I
276,Aldon,Vauter,avauter7n@vistaprint.com,Male,Statistician I
277,Letizia,Tomlinson,ltomlinson7o@addthis.com,Non-binary,Assistant Professor
278,Marcus,Braybrook,mbraybrook7p@bing.com,Male,Senior Developer
279,Shaylah,Shorte,sshorte7q@unc.edu,Female,Internal Auditor
280,Homer,Leban,hleban7r@sfgate.com,Male,Assistant Manager
281,Andromache,Chong,achong7s@narod.ru,Female,Tax Accountant
282,Tobit,Dorian,tdorian7t@xrea.com,Male,Clinical Specialist
283,Susan,Fleckness,sfleckness7u@go.com,Female,Software Test Engineer IV
284,Ximenez,Ceely,xceely7v@goo.ne.jp,Male,Desktop Support Technician
285,Irita,Maylour,imaylour7w@addthis.com,Female,Nuclear Power Engineer
286,Cooper,McKeurtan,cmckeurtan7x@sitemeter.com,Male,Civil Engineer
287,Walker,Plaide,wplaide7y@tmall.com,Male,Environmental Specialist
288,Biron,Gillham,bgillham7z@unicef.org,Male,Civil Engineer
289,Billye,Budgett,bbudgett80@ning.com,Female,Assistant Manager
290,Eduard,Whilder,ewhilder81@myspace.com,Male,Staff Scientist
291,Mari,Josefowicz,mjosefowicz82@networksolutions.com,Female,Staff Scientist
292,Fletcher,Hitchens,fhitchens83@furl.net,Male,Accounting Assistant I
293,Dex,Ianson,dianson84@reddit.com,Male,Analog Circuit Design manager
294,Hurlee,Jandac,hjandac85@netscape.com,Male,Media Manager IV
295,Malcolm,Franzonetti,mfranzonetti86@dailymotion.com,Male,Account Executive
296,Evanne,Rowth,erowth87@clickbank.net,Female,Quality Control Specialist
297,Erna,Abramovitch,eabramovitch88@ibm.com,Female,Clinical Specialist
298,Benedetto,Cripps,bcripps89@opera.com,Male,Senior Quality Engineer
299,Florri,Worvill,fworvill8a@rediff.com,Female,Financial Advisor
300,Terence,Baroc,tbaroc8b@techcrunch.com,Male,Human Resources Manager
301,Tish,Quogan,tquogan8c@newyorker.com,Female,Graphic Designer
302,Kelsey,Lownes,klownes8d@pinterest.com,Male,Pharmacist
303,Desdemona,Wisden,dwisden8e@archive.org,Female,Sales Associate
304,Agnes,Kisting,akisting8f@latimes.com,Genderqueer,Professor
305,Emanuel,Radden,eradden8g@ocn.ne.jp,Male,Web Designer II
306,Perla,Cumo,pcumo8h@etsy.com,Female,Web Developer IV
307,Nikolos,Shippey,nshippey8i@spiegel.de,Male,Actuary
308,Eloise,Warmington,ewarmington8j@sogou.com,Genderqueer,Research Assistant I
309,Daniele,Boissieux,dboissieux8k@liveinternet.ru,Bigender,Speech Pathologist
310,Alfi,Klulisek,aklulisek8l@slideshare.net,Female,Account Executive
311,Jereme,Crockford,jcrockford8m@wp.com,Male,Senior Editor
312,Kandace,Pranger,kpranger8n@ucoz.com,Female,Speech Pathologist
313,Anabel,Moodey,amoodey8o@i2i.jp,Female,Programmer III
314,Elvira,Savin,esavin8p@canalblog.com,Female,Food Chemist
315,Annabella,Canti,acanti8q@tinyurl.com,Female,Electrical Engineer
316,Milo,Beiderbeck,mbeiderbeck8r@cmu.edu,Male,Engineer II
317,Ingunna,Silberschatz,isilberschatz8s@blogtalkradio.com,Female,Structural Engineer
318,Borg,Groucock,bgroucock8t@weather.com,Male,Account Representative I
319,Billie,Greenhill,bgreenhill8u@intel.com,Female,Programmer Analyst III
320,Christophe,Conechie,cconechie8v@twitpic.com,Male,Nuclear Power Engineer
321,Janelle,Elsby,jelsby8w@shop-pro.jp,Female,Senior Cost Accountant
322,Dell,Ishchenko,dishchenko8x@fema.gov,Male,Physical Therapy Assistant
323,Lilli,Pavlovic,lpavlovic8y@webmd.com,Female,Environmental Tech
324,Perla,Tweedlie,ptweedlie8z@illinois.edu,Female,Recruiter
325,Garnet,Swalowe,gswalowe90@columbia.edu,Female,Social Worker
326,Gaile,Wildman,gwildman91@unblog.fr,Male,Quality Control Specialist
327,Stanislaw,Mandrey,smandrey92@gov.uk,Male,Recruiting Manager
328,Billy,Padly,bpadly93@reverbnation.com,Female,Safety Technician IV
329,Tillie,Brind,tbrind94@sciencedirect.com,Female,Human Resources Manager
330,Stormy,Tomasini,stomasini95@yahoo.co.jp,Female,Paralegal
331,Georges,Eastope,geastope96@independent.co.uk,Male,Database Administrator I
332,Walden,Ablett,wablett97@slashdot.org,Male,Staff Scientist
333,Caryn,Riddington,criddington98@umn.edu,Female,Structural Engineer
334,Kaye,Ginger,kginger99@wikia.com,Female,Senior Financial Analyst
335,Susann,Morilla,smorilla9a@fc2.com,Female,Assistant Professor
336,Annice,Minards,aminards9b@spotify.com,Female,Assistant Manager
337,Billy,Sisland,bsisland9c@deliciousdays.com,Genderqueer,Health Coach I
338,Nonie,Lathey,nlathey9d@odnoklassniki.ru,Female,Cost Accountant
339,Rickard,Burner,rburner9e@xinhuanet.com,Male,Accounting Assistant III
340,Horace,Windows,hwindows9f@clickbank.net,Male,Food Chemist
341,Rip,Dehn,rdehn9g@tiny.cc,Male,Geologist I
342,Mattheus,Lowne,mlowne9h@liveinternet.ru,Male,Office Assistant III
343,Terrill,Gyse,tgyse9i@myspace.com,Male,Analog Circuit Design manager
344,Em,Mugford,emugford9j@alibaba.com,Female,Budget/Accounting Analyst III
345,Morten,Alvis,malvis9k@cbslocal.com,Male,Information Systems Manager
346,Farly,Sharp,fsharp9l@time.com,Male,Project Manager
347,Pail,Comrie,pcomrie9m@google.nl,Male,Senior Editor
348,Krystyna,Seary,kseary9n@nps.gov,Female,Senior Cost Accountant
349,Torin,Sket,tsket9o@free.fr,Agender,Web Designer IV
350,Tammy,Cowlas,tcowlas9p@toplist.cz,Male,Cost Accountant
351,Adara,Vallery,avallery9q@prweb.com,Female,Desktop Support Technician
352,Jayson,Romeuf,jromeuf9r@google.ru,Male,Cost Accountant
353,Dot,Bootland,dbootland9s@cmu.edu,Female,Staff Accountant IV
354,Beverlee,Faccini,bfaccini9t@feedburner.com,Female,Senior Editor
355,Olivie,Goby,ogoby9u@cnn.com,Agender,Product Engineer
356,Garv,Cheyne,gcheyne9v@ycombinator.com,Male,Senior Sales Associate
357,Sherline,Kepp,skepp9w@illinois.edu,Female,General Manager
358,Rhiamon,Junkison,rjunkison9x@odnoklassniki.ru,Female,Tax Accountant
359,Anabelle,Whylie,awhylie9y@bbc.co.uk,Female,Associate Professor
360,Elnora,Foan,efoan9z@behance.net,Female,Developer III
361,Leonore,Bretherton,lbrethertona0@mtv.com,Female,Office Assistant II
362,Griffin,Tesche,gteschea1@vimeo.com,Male,Quality Engineer
363,Hebert,Williscroft,hwilliscrofta2@twitter.com,Male,Analyst Programmer
364,Farah,Pauleit,fpauleita3@diigo.com,Female,Technical Writer
365,Wolfie,Gordge,wgordgea4@mozilla.org,Male,Clinical Specialist
366,Cymbre,Ingrem,cingrema5@intel.com,Female,Social Worker
367,Ignacio,Aylin,iaylina6@engadget.com,Male,Office Assistant IV
368,Brita,Trower,btrowera7@house.gov,Female,Technical Writer
369,Quintilla,Howton,qhowtona8@t-online.de,Genderqueer,Administrative Assistant III
370,Dorita,Rosa,drosaa9@time.com,Female,Software Test Engineer II
371,Tymon,Schiementz,tschiementzaa@shutterfly.com,Male,Senior Sales Associate
372,Valentine,Ridsdell,vridsdellab@networksolutions.com,Male,Desktop Support Technician
373,Tanney,Puckett,tpuckettac@amazon.co.uk,Male,Geologist III
374,Merv,Gethen,mgethenad@imgur.com,Male,Software Consultant
375,Cyrill,Ballham,cballhamae@cam.ac.uk,Male,Product Engineer
376,Sibley,Gurry,sgurryaf@simplemachines.org,Genderqueer,VP Product Management
377,Doreen,Musson,dmussonag@instagram.com,Female,Administrative Assistant I
378,Marthena,Saiger,msaigerah@guardian.co.uk,Female,Analyst Programmer
379,Gelya,Swanborrow,gswanborrowai@pbs.org,Female,Account Representative IV
380,Fionna,Chatenet,fchatenetaj@ucla.edu,Female,GIS Technical Architect
381,Jenn,MacIntyre,jmacintyreak@dyndns.org,Female,Automation Specialist III
382,Gigi,Klimsch,gklimschal@xinhuanet.com,Genderqueer,Recruiter
383,Rozelle,Abraham,rabrahamam@jalbum.net,Female,Geological Engineer
384,Marcelline,Ellen,mellenan@intel.com,Female,Account Executive
385,Courtenay,Bausmann,cbausmannao@cisco.com,Female,Senior Financial Analyst
386,Addie,Carnalan,acarnalanap@cocolog-nifty.com,Female,Nuclear Power Engineer
387,Niels,Morhall,nmorhallaq@diigo.com,Male,Quality Engineer
388,Trumann,Gauntlett,tgauntlettar@miibeian.gov.cn,Male,Programmer IV
389,Orlando,Colebourn,ocolebournas@umich.edu,Male,Analyst Programmer
390,Shanta,Niset,snisetat@google.it,Female,Administrative Officer
391,Eveline,Finlay,efinlayau@prweb.com,Female,Cost Accountant
392,Andras,Dursley,adursleyav@feedburner.com,Male,Programmer I
393,Inge,Greenall,igreenallaw@wisc.edu,Female,Chief Design Engineer
394,Therine,Chinery,tchineryax@github.io,Female,Recruiting Manager
395,Tedra,Gyngell,tgyngellay@uol.com.br,Female,Office Assistant II
396,Hyacinthe,Rustich,hrustichaz@nasa.gov,Female,Programmer I
397,Farly,Koch,fkochb0@usnews.com,Male,Account Coordinator
398,Rozanna,Comellini,rcomellinib1@123-reg.co.uk,Female,Biostatistician II
399,Lorant,Korejs,lkorejsb2@hatena.ne.jp,Male,Senior Cost Accountant
400,Joly,Attawell,jattawellb3@prlog.org,Female,Editor
401,Iggie,Smithyman,ismithymanb4@hhs.gov,Male,Accountant I
402,Ealasaid,Thay,ethayb5@aboutads.info,Female,Account Executive
403,Becki,Haycroft,bhaycroftb6@eventbrite.com,Female,Research Associate
404,Colman,Liell,cliellb7@ebay.co.uk,Male,Technical Writer
405,Celestyn,Ranson,cransonb8@mapquest.com,Female,Automation Specialist I
406,Kalil,Kervin,kkervinb9@drupal.org,Male,GIS Technical Architect
407,Adan,Jaggar,ajaggarba@people.com.cn,Female,Product Engineer
408,Roland,Muckle,rmucklebb@goo.gl,Male,Actuary
409,Rockey,Krzyzanowski,rkrzyzanowskibc@vinaora.com,Male,Assistant Professor
410,Willey,Causey,wcauseybd@github.io,Male,Senior Sales Associate
411,Krishnah,Billingsly,kbillingslybe@vimeo.com,Male,Compensation Analyst
412,Lynelle,Tansill,ltansillbf@nbcnews.com,Female,Nurse Practicioner
413,Beckie,Featenby,bfeatenbybg@wikipedia.org,Female,Geologist IV
414,Mellisa,Lumber,mlumberbh@bloglines.com,Female,Marketing Assistant
415,Aurel,Berntssen,aberntssenbi@plala.or.jp,Female,Payment Adjustment Coordinator
416,Nicoline,Landers,nlandersbj@ft.com,Female,Mechanical Systems Engineer
417,Hubert,Meth,hmethbk@bbb.org,Male,Business Systems Development Analyst
418,Clim,MacPaike,cmacpaikebl@rediff.com,Male,Assistant Media Planner
419,Terrel,Pollastrone,tpollastronebm@timesonline.co.uk,Male,Staff Scientist
420,Laraine,Thebeaud,lthebeaudbn@unicef.org,Female,Financial Analyst
421,Elberta,Hutton,ehuttonbo@statcounter.com,Female,VP Accounting
422,Goldy,Figge,gfiggebp@samsung.com,Female,Senior Developer
423,Giustino,Bentley,gbentleybq@networkadvertising.org,Genderqueer,Safety Technician I
424,Kore,Shucksmith,kshucksmithbr@nhs.uk,Female,Engineer I
425,Sherye,Ochterlonie,sochterloniebs@dedecms.com,Female,Statistician III
426,Kelbee,Fitzmaurice,kfitzmauricebt@usnews.com,Genderqueer,Web Designer II
427,Casey,Boys,cboysbu@yale.edu,Male,Research Associate
428,Nicko,Aleksich,naleksichbv@indiatimes.com,Bigender,VP Product Management
429,Thorn,Kubicki,tkubickibw@yelp.com,Non-binary,Compensation Analyst
430,Kris,Blanko,kblankobx@dailymail.co.uk,Male,Senior Quality Engineer
431,Rici,Eddicott,reddicottby@1und1.de,Female,VP Product Management
432,Karena,Pyffe,kpyffebz@umich.edu,Female,Senior Developer
433,Tommie,Dimitru,tdimitruc0@washington.edu,Male,Senior Financial Analyst
434,Francene,Bodiam,fbodiamc1@guardian.co.uk,Female,Teacher
435,Elden,Upton,euptonc2@epa.gov,Male,Dental Hygienist
436,Michell,Dabell,mdabellc3@themeforest.net,Female,Quality Control Specialist
437,Dorthea,Burne,dburnec4@rediff.com,Female,VP Accounting
438,Lennie,Deem,ldeemc5@360.cn,Male,Executive Secretary
439,Jacinthe,Corthes,jcorthesc6@typepad.com,Female,VP Marketing
440,Micaela,Wennington,mwenningtonc7@uiuc.edu,Female,Speech Pathologist
441,Cherrita,Summergill,csummergillc8@aboutads.info,Female,Chemical Engineer
442,Akim,Willicott,awillicottc9@theatlantic.com,Male,Quality Engineer
443,Derrick,Quarry,dquarryca@hud.gov,Male,Human Resources Assistant II
444,Mignon,Hargraves,mhargravescb@bluehost.com,Female,Speech Pathologist
445,Tate,Luno,tlunocc@spotify.com,Female,VP Accounting
446,Ruben,Wapples,rwapplescd@over-blog.com,Male,Research Nurse
447,Reube,Ortler,rortlerce@123-reg.co.uk,Male,Research Associate
448,Donni,Guyonneau,dguyonneaucf@ibm.com,Female,Senior Financial Analyst
449,Dulci,Rouke,droukecg@sitemeter.com,Female,Web Developer II
450,Massimiliano,McConway,mmcconwaych@statcounter.com,Male,Staff Scientist
451,Niels,Mulligan,nmulliganci@zdnet.com,Agender,Programmer I
452,Rochell,Clement,rclementcj@ebay.co.uk,Female,Structural Analysis Engineer
453,Michaela,Horning,mhorningck@tiny.cc,Polygender,Physical Therapy Assistant
454,Cornell,Slaten,cslatencl@shinystat.com,Male,Actuary
455,Annamaria,Stud,astudcm@mayoclinic.com,Female,Health Coach IV
456,Robena,Staunton,rstauntoncn@ebay.com,Polygender,Engineer III
457,Audre,Dacca,adaccaco@cafepress.com,Female,Dental Hygienist
458,Darcey,Mauger,dmaugercp@themeforest.net,Female,Technical Writer
459,Darelle,Scrancher,dscranchercq@gizmodo.com,Female,Mechanical Systems Engineer
460,Nickolai,Albery,nalberycr@reverbnation.com,Male,Research Associate
461,Erminie,Iori,eiorics@hibu.com,Female,Developer II
462,Alida,Pulley,apulleyct@shutterfly.com,Female,Assistant Manager
463,Terri-jo,Houndsom,thoundsomcu@photobucket.com,Female,GIS Technical Architect
464,Tibold,Levesley,tlevesleycv@friendfeed.com,Male,Community Outreach Specialist
465,Anthony,Bettenson,abettensoncw@angelfire.com,Agender,Statistician II
466,Darleen,Pountney,dpountneycx@unesco.org,Female,Quality Control Specialist
467,Nicolis,Chapelhow,nchapelhowcy@time.com,Male,Nuclear Power Engineer
468,Carny,Stranieri,cstraniericz@mail.ru,Male,Nurse
469,Rickie,Mocker,rmockerd0@xrea.com,Male,Senior Financial Analyst
470,Sydelle,Micklewright,smicklewrightd1@pen.io,Female,Sales Associate
471,Christa,Endrici,cendricid2@amazon.de,Female,Nurse
472,Gabrila,Winger,gwingerd3@miibeian.gov.cn,Genderfluid,Business Systems Development Analyst
473,Northrop,Inns,ninnsd4@princeton.edu,Male,Senior Sales Associate
474,Ford,Spreadbury,fspreadburyd5@ftc.gov,Male,Legal Assistant
475,Darn,Willows,dwillowsd6@berkeley.edu,Male,Actuary
476,Cynthy,Leban,cleband7@mysql.com,Female,Editor
477,Ginny,Brodie,gbrodied8@bloomberg.com,Female,Graphic Designer
478,Jacobo,Barkes,jbarkesd9@home.pl,Male,Research Assistant IV
479,Carmine,Hickin,chickinda@cafepress.com,Male,Analyst Programmer
480,Bernette,Houselee,bhouseleedb@state.gov,Female,Web Developer I
481,Iona,Jimes,ijimesdc@nifty.com,Female,Budget/Accounting Analyst IV
482,Mariya,Hasson,mhassondd@ehow.com,Female,Tax Accountant
483,Noemi,Kleinhausen,nkleinhausende@devhub.com,Female,Editor
484,Hendrick,Andri,handridf@cbc.ca,Bigender,Senior Developer
485,Kinnie,Caustic,kcausticdg@gov.uk,Male,Community Outreach Specialist
486,Helene,Piris,hpirisdh@dion.ne.jp,Female,Director of Sales
487,Maximo,Vearncomb,mvearncombdi@hp.com,Genderqueer,Director of Sales
488,Olimpia,Brayshay,obrayshaydj@google.cn,Genderqueer,Product Engineer
489,Holly,Akers,hakersdk@slate.com,Agender,Assistant Manager
490,Lexy,Stimpson,lstimpsondl@booking.com,Female,Recruiting Manager
491,Amye,Waistall,awaistalldm@purevolume.com,Female,Executive Secretary
492,Nikki,Butterfint,nbutterfintdn@1und1.de,Male,GIS Technical Architect
493,Charmion,Yuryaev,cyuryaevdo@walmart.com,Female,VP Quality Control
494,Timmi,Brandsen,tbrandsendp@auda.org.au,Female,Database Administrator I
495,Ring,Coultar,rcoultardq@feedburner.com,Male,Actuary
496,Connor,Geary,cgearydr@disqus.com,Male,Food Chemist
497,Matilde,Sidney,msidneyds@sciencedaily.com,Female,Staff Scientist
498,Lauraine,Bootman,lbootmandt@lulu.com,Female,Design Engineer
499,Llewellyn,Grinikhin,lgrinikhindu@shareasale.com,Male,Nurse
500,Simona,Cissen,scissendv@sogou.com,Female,Research Nurse
501,Israel,Mickleborough,imickleboroughdw@zimbio.com,Male,Desktop Support Technician
502,Bevon,Gilffillan,bgilffillandx@netvibes.com,Male,Research Nurse
503,Oriana,Le Breton,olebretondy@tmall.com,Female,Engineer II
504,Stern,Beddoes,sbeddoesdz@bbc.co.uk,Male,Editor
505,Shelba,Dizlie,sdizliee0@twitter.com,Female,Account Coordinator
506,Brady,Reyna,breynae1@flickr.com,Male,Programmer II
507,Worden,Henken,whenkene2@blinklist.com,Male,Account Coordinator
508,Douglas,Sterman,dstermane3@nytimes.com,Male,Registered Nurse
509,Elsworth,Manion,emanione4@state.tx.us,Male,Business Systems Development Analyst
510,Eunice,Rosenbloom,erosenbloome5@stumbleupon.com,Female,Human Resources Assistant I
511,Livy,Ivanchov,livanchove6@behance.net,Female,Legal Assistant
512,Cynthy,Desouza,cdesouzae7@buzzfeed.com,Female,Senior Editor
513,Myranda,Capoun,mcapoune8@livejournal.com,Female,Analog Circuit Design manager
514,Benjamen,Orry,borrye9@washingtonpost.com,Male,Executive Secretary
515,Tyne,Guidi,tguidiea@apache.org,Female,Office Assistant IV
516,Harwell,Hartup,hhartupeb@blinklist.com,Male,Pharmacist
517,Wyndham,Walles,wwallesec@elpais.com,Male,Help Desk Operator
518,Glenn,Garbutt,ggarbutted@trellian.com,Male,Automation Specialist I
519,Cristine,Baszniak,cbaszniakee@patch.com,Female,Structural Engineer
520,Claudia,Patten,cpattenef@goodreads.com,Female,Senior Quality Engineer
521,Raynor,Higgoe,rhiggoeeg@amazonaws.com,Male,Product Engineer
522,Wendall,Draayer,wdraayereh@imageshack.us,Male,Account Executive
523,Avery,Brusin,abrusinei@woothemes.com,Male,Engineer II
524,Chip,Weeks,cweeksej@liveinternet.ru,Male,Food Chemist
525,Moishe,Russel,mrusselek@domainmarket.com,Male,Recruiting Manager
526,Pansie,Fairfoot,pfairfootel@odnoklassniki.ru,Female,Environmental Specialist
527,Cointon,Gaskarth,cgaskarthem@hao123.com,Male,Recruiting Manager
528,Jessie,Shimony,jshimonyen@wisc.edu,Female,Budget/Accounting Analyst III
529,Kori,Horder,khordereo@timesonline.co.uk,Female,Tax Accountant
530,Keelby,Goldsmith,kgoldsmithep@ucoz.ru,Non-binary,Research Associate
531,Lettie,Cholton,lcholtoneq@pinterest.com,Female,Quality Engineer
532,Kimberlee,Panyer,kpanyerer@hexun.com,Bigender,VP Accounting
533,Reeta,Sivills,rsivillses@sourceforge.net,Female,Senior Editor
534,Jarret,Summerley,jsummerleyet@comcast.net,Male,Developer I
535,Trudie,Sullivan,tsullivaneu@mysql.com,Female,Operator
536,Angie,Chaldecott,achaldecottev@163.com,Male,Legal Assistant
537,Donelle,Sowman,dsowmanew@free.fr,Female,Civil Engineer
538,Antin,Tomasino,atomasinoex@sogou.com,Male,Software Consultant
539,Nadine,Traill,ntrailley@mediafire.com,Genderqueer,Design Engineer
540,Ignaz,Learmonth,ilearmonthez@google.de,Male,Programmer IV
541,Cristi,Linfitt,clinfittf0@w3.org,Female,Engineer III
542,Lyndell,Mead,lmeadf1@dmoz.org,Female,Civil Engineer
543,Drugi,Furse,dfursef2@ning.com,Male,Recruiter
544,Tymon,Yurkin,tyurkinf3@about.me,Male,Human Resources Manager
545,Ralf,McShirie,rmcshirief4@va.gov,Male,Sales Representative
546,Heinrik,Unworth,hunworthf5@statcounter.com,Male,Occupational Therapist
547,Lyle,McBeth,lmcbethf6@ovh.net,Male,General Manager
548,Jewel,Uccello,juccellof7@upenn.edu,Female,Programmer IV
549,Torrey,Gollin,tgollinf8@discuz.net,Male,VP Marketing
550,Tessa,Narramore,tnarramoref9@g.co,Female,Human Resources Assistant I
551,Marji,Bremley,mbremleyfa@wsj.com,Female,Environmental Tech
552,Melony,Bertomeu,mbertomeufb@aboutads.info,Female,Chemical Engineer
553,Garry,Lassell,glassellfc@nature.com,Male,Developer IV
554,Freda,Kingzet,fkingzetfd@nasa.gov,Female,Community Outreach Specialist
555,Al,Whitnell,awhitnellfe@hubpages.com,Male,Account Coordinator
556,Natalina,Quince,nquinceff@utexas.edu,Female,VP Product Management
557,Tully,Cassius,tcassiusfg@ovh.net,Male,VP Sales
558,Tommie,Carnock,tcarnockfh@hud.gov,Female,Web Developer I
559,Gillan,Barnish,gbarnishfi@imdb.com,Female,General Manager
560,Hilde,Happs,hhappsfj@zimbio.com,Female,Environmental Specialist
561,Cynthea,Lomis,clomisfk@microsoft.com,Female,Software Test Engineer IV
562,Pennie,Fauguel,pfauguelfl@imageshack.us,Female,Structural Engineer
563,Darby,MacVanamy,dmacvanamyfm@ebay.com,Female,Software Consultant
564,Leontine,Duthy,lduthyfn@marriott.com,Female,VP Product Management
565,Ossie,Piechnik,opiechnikfo@plala.or.jp,Male,Structural Engineer
566,Jacintha,Isaksen,jisaksenfp@wufoo.com,Female,Environmental Specialist
567,Ruben,Goding,rgodingfq@symantec.com,Male,Environmental Specialist
568,Lemmy,Jobes,ljobesfr@wiley.com,Male,Product Engineer
569,Onfre,Beedham,obeedhamfs@bizjournals.com,Male,General Manager
570,Dougy,Prine,dprineft@ucla.edu,Male,VP Sales
571,Karylin,Curado,kcuradofu@godaddy.com,Non-binary,Speech Pathologist
572,Charlene,Vowdon,cvowdonfv@furl.net,Female,Analog Circuit Design manager
573,Valdemar,Canacott,vcanacottfw@sun.com,Male,Research Associate
574,Andreas,Winterflood,awinterfloodfx@scribd.com,Male,Help Desk Operator
575,Leslie,Grigs,lgrigsfy@gmpg.org,Male,Account Representative I
576,Clem,MacSkeaghan,cmacskeaghanfz@dyndns.org,Male,Senior Developer
577,Renaud,McCrae,rmccraeg0@nifty.com,Male,Web Developer I
578,Morgen,Capey,mcapeyg1@seattletimes.com,Female,Structural Engineer
579,Jacob,Weeden,jweedeng2@thetimes.co.uk,Male,Budget/Accounting Analyst IV
580,Brad,Grieg,bgriegg3@google.es,Male,Registered Nurse
581,Judith,Vallery,jvalleryg4@merriam-webster.com,Female,Mechanical Systems Engineer
582,Ilaire,Christian,ichristiang5@ow.ly,Male,Environmental Tech
583,Conant,Waterstone,cwaterstoneg6@constantcontact.com,Male,Physical Therapy Assistant
584,Starlene,Hackford,shackfordg7@indiatimes.com,Female,Food Chemist
585,Michaela,Christy,mchristyg8@usatoday.com,Female,Health Coach I
586,Prent,Rekes,prekesg9@printfriendly.com,Male,Data Coordinator
587,Renard,Stanbury,rstanburyga@bloomberg.com,Male,Programmer Analyst IV
588,Hagen,Revington,hrevingtongb@chronoengine.com,Male,Geological Engineer
589,Lee,Cobbing,lcobbinggc@ucsd.edu,Male,Help Desk Technician
590,Lissie,De Cleyne,ldecleynegd@reverbnation.com,Female,Registered Nurse
591,Mommy,Stammirs,mstammirsge@infoseek.co.jp,Female,Administrative Assistant IV
592,Ezechiel,Borland,eborlandgf@slideshare.net,Male,Senior Cost Accountant
593,Jodi,Davidovicz,jdavidoviczgg@squarespace.com,Female,Dental Hygienist
594,Titos,Braysher,tbrayshergh@hostgator.com,Male,VP Accounting
595,Maxie,Spata,mspatagi@alexa.com,Male,Social Worker
596,Elsie,Spary,esparygj@businessweek.com,Non-binary,Electrical Engineer
597,Nathan,Beau,nbeaugk@github.com,Male,Social Worker
598,Tedie,Medcalf,tmedcalfgl@hugedomains.com,Male,Recruiter
599,Darryl,Yeude,dyeudegm@furl.net,Female,Sales Representative
600,Cicily,Febry,cfebrygn@webmd.com,Female,Engineer III
601,Brandy,Shivlin,bshivlingo@nature.com,Male,Structural Engineer
602,Owen,Sellar,osellargp@quantcast.com,Male,Health Coach III
603,Fiann,MacBain,fmacbaingq@uol.com.br,Female,Professor
604,Florentia,Nissle,fnisslegr@apache.org,Female,Compensation Analyst
605,Kaile,Tattersill,ktattersillgs@narod.ru,Female,Account Coordinator
606,Amata,Cushelly,acushellygt@virginia.edu,Female,Computer Systems Analyst III
607,Shane,Mulvihill,smulvihillgu@psu.edu,Male,Systems Administrator III
608,Minor,Kirley,mkirleygv@elegantthemes.com,Male,Research Associate
609,Noam,Torregiani,ntorregianigw@linkedin.com,Male,Recruiter
610,Helga,Binfield,hbinfieldgx@google.pl,Female,Information Systems Manager
611,Thorin,Floyd,tfloydgy@cornell.edu,Male,Pharmacist
612,Alleyn,Weildish,aweildishgz@examiner.com,Male,Nurse
613,Boyd,Galier,bgalierh0@51.la,Male,Junior Executive
614,Neda,Keddy,nkeddyh1@amazon.de,Female,Speech Pathologist
615,Ethan,Atcherley,eatcherleyh2@skyrock.com,Male,Human Resources Manager
616,Kelci,Want,kwanth3@newsvine.com,Female,Teacher
617,Sal,Gready,sgreadyh4@slideshare.net,Male,Administrative Assistant I
618,Janifer,Siderfin,jsiderfinh5@miitbeian.gov.cn,Female,Programmer II
619,Augustine,Doubrava,adoubravah6@yahoo.com,Female,Sales Representative
620,Tammy,Glassborow,tglassborowh7@nasa.gov,Female,Computer Systems Analyst IV
621,Elbert,Thumim,ethumimh8@discovery.com,Genderqueer,Tax Accountant
622,Almire,Goodge,agoodgeh9@gravatar.com,Female,Software Engineer II
623,Angelica,Croster,acrosterha@unc.edu,Female,Safety Technician IV
624,Marney,deKnevet,mdeknevethb@topsy.com,Female,Safety Technician I
625,Bogart,Kyberd,bkyberdhc@geocities.jp,Male,Office Assistant III
626,Lucais,Dobbing,ldobbinghd@statcounter.com,Male,Registered Nurse
627,Petunia,Gritton,pgrittonhe@sitemeter.com,Female,Social Worker
628,Valentin,Dublin,vdublinhf@fc2.com,Male,Analyst Programmer
629,Edan,Rahill,erahillhg@slate.com,Male,Staff Accountant I
630,Emmey,Flay,eflayhh@infoseek.co.jp,Female,Data Coordinator
631,Tiffy,Frood,tfroodhi@wordpress.com,Female,Occupational Therapist
632,Niki,Bresnen,nbresnenhj@tumblr.com,Female,Office Assistant III
633,Jacklyn,Hawkswood,jhawkswoodhk@squidoo.com,Female,Tax Accountant
634,Arnoldo,Scyone,ascyonehl@addtoany.com,Male,Software Engineer IV
635,Abagael,Makeswell,amakeswellhm@xrea.com,Genderfluid,Account Coordinator
636,Emory,Gallant,egallanthn@ucsd.edu,Male,Budget/Accounting Analyst I
637,Moishe,Comiam,mcomiamho@noaa.gov,Male,Systems Administrator I
638,Davie,Head,dheadhp@bloglines.com,Male,Web Developer I
639,Trent,Verry,tverryhq@youtube.com,Male,Account Coordinator
640,Jodee,McGlynn,jmcglynnhr@admin.ch,Female,Financial Advisor
641,Jillane,Kemson,jkemsonhs@howstuffworks.com,Female,Data Coordinator
642,Fredra,Baysting,fbaystinght@wiley.com,Female,Staff Scientist
643,Carri,Potts,cpottshu@about.me,Female,VP Marketing
644,Enid,Thompson,ethompsonhv@cisco.com,Female,Civil Engineer
645,Jessie,Larkins,jlarkinshw@alexa.com,Male,Structural Engineer
646,Timoteo,Donner,tdonnerhx@princeton.edu,Male,VP Quality Control
647,Flor,Betho,fbethohy@china.com.cn,Female,Engineer IV
648,Marianna,Batho,mbathohz@eepurl.com,Female,Web Developer II
649,Lauri,Dougary,ldougaryi0@msu.edu,Female,Chief Design Engineer
650,Dee,Chesterman,dchestermani1@dyndns.org,Genderfluid,Clinical Specialist
651,Haley,Braunds,hbraundsi2@over-blog.com,Male,Internal Auditor
652,Jae,Findon,jfindoni3@marketwatch.com,Male,Social Worker
653,Raddy,Kibbel,rkibbeli4@biblegateway.com,Male,Librarian
654,Jerald,Samme,jsammei5@sourceforge.net,Male,Occupational Therapist
655,Thaddus,Fishwick,tfishwicki6@geocities.com,Male,Graphic Designer
656,Earlie,Courtin,ecourtini7@google.de,Male,Environmental Specialist
657,Alleen,Backman,abackmani8@yahoo.com,Female,VP Product Management
658,Nerita,Hunnybun,nhunnybuni9@shareasale.com,Female,Senior Quality Engineer
659,Sullivan,Remon,sremonia@tripod.com,Polygender,Editor
660,Frieda,MacLure,fmaclureib@cbsnews.com,Female,Software Engineer I
661,Sol,Burkett,sburkettic@bbc.co.uk,Male,Legal Assistant
662,Marshal,March,mmarchid@telegraph.co.uk,Male,Human Resources Assistant II
663,Toma,Wipper,twipperie@intel.com,Polygender,Automation Specialist I
664,Ashley,Chetter,achetterif@cbslocal.com,Female,Actuary
665,Horacio,Souten,hsoutenig@dedecms.com,Male,Office Assistant I
666,Jolie,Renouf,jrenoufih@hp.com,Female,Payment Adjustment Coordinator
667,Hendrika,Houdmont,hhoudmontii@dyndns.org,Female,Food Chemist
668,Bessy,Overnell,bovernellij@twitpic.com,Female,Compensation Analyst
669,Cy,Jaqueme,cjaquemeik@example.com,Male,Associate Professor
670,Perceval,Summerson,psummersonil@pen.io,Male,Food Chemist
671,Annora,Torrecilla,atorrecillaim@nps.gov,Non-binary,Technical Writer
672,Arabelle,Cartin,acartinin@fc2.com,Female,Systems Administrator III
673,Elinore,Philipeaux,ephilipeauxio@cornell.edu,Female,Civil Engineer
674,Remy,Waumsley,rwaumsleyip@eventbrite.com,Female,Mechanical Systems Engineer
675,Rhett,Ouchterlony,rouchterlonyiq@senate.gov,Male,Clinical Specialist
676,Elisa,Markushkin,emarkushkinir@disqus.com,Female,Environmental Tech
677,Herschel,Proughten,hproughtenis@upenn.edu,Male,Human Resources Assistant II
678,Wilmar,Gare,wgareit@uol.com.br,Male,Speech Pathologist
679,Billy,Shipperbottom,bshipperbottomiu@shop-pro.jp,Agender,Human Resources Assistant IV
680,Hillard,Kaszper,hkaszperiv@cdc.gov,Non-binary,Marketing Manager
681,Morley,McColley,mmccolleyiw@themeforest.net,Male,Senior Editor
682,Keelia,Holwell,kholwellix@miibeian.gov.cn,Female,Marketing Manager
683,Boote,Pendered,bpenderediy@kickstarter.com,Male,Associate Professor
684,Flem,Conman,fconmaniz@dropbox.com,Male,Desktop Support Technician
685,Vale,McDonnell,vmcdonnellj0@amazon.co.jp,Female,Sales Representative
686,Aurelea,Prott,aprottj1@barnesandnoble.com,Female,General Manager
687,Valaree,Peacey,vpeaceyj2@hexun.com,Female,Civil Engineer
688,Biron,Simo,bsimoj3@t-online.de,Male,Analyst Programmer
689,Rachel,Taylerson,rtaylersonj4@tuttocitta.it,Female,Financial Analyst
690,Mariam,Bastiman,mbastimanj5@trellian.com,Female,Administrative Officer
691,Cori,Agass,cagassj6@webeden.co.uk,Male,Nurse Practicioner
692,Niccolo,Poletto,npolettoj7@ox.ac.uk,Male,Senior Developer
693,Eba,Camamill,ecamamillj8@newsvine.com,Female,Pharmacist
694,Russ,Dight,rdightj9@ifeng.com,Male,Nurse
695,Beverlie,Drei,bdreija@nhs.uk,Female,Assistant Media Planner
696,Dasha,Kildale,dkildalejb@pen.io,Female,Senior Developer
697,Miran,Sargerson,msargersonjc@taobao.com,Female,Physical Therapy Assistant
698,Yolanthe,Blackboro,yblackborojd@businesswire.com,Female,Administrative Officer
699,Ali,Hartzogs,ahartzogsje@usgs.gov,Male,Human Resources Assistant III
700,Wadsworth,Endrizzi,wendrizzijf@pagesperso-orange.fr,Male,Civil Engineer
701,Deva,Upstell,dupstelljg@altervista.org,Female,Chief Design Engineer
702,Regine,Flemming,rflemmingjh@washington.edu,Female,Help Desk Operator
703,Lorain,Edgeson,ledgesonji@engadget.com,Female,Assistant Professor
704,Gaven,Proudlove,gproudlovejj@reverbnation.com,Male,Safety Technician I
705,Jolie,Butts,jbuttsjk@ted.com,Female,Teacher
706,Lane,Quartermain,lquartermainjl@wsj.com,Male,Desktop Support Technician
707,Grantley,Ide,gidejm@lulu.com,Male,Sales Representative
708,Melody,Schowenburg,mschowenburgjn@theatlantic.com,Female,Research Associate
709,Timothea,McArdle,tmcardlejo@unesco.org,Female,Teacher
710,Johny,Zarb,jzarbjp@bizjournals.com,Male,Engineer IV
711,Ariel,Gandley,agandleyjq@dot.gov,Female,Sales Associate
712,Cheston,Collete,ccolletejr@is.gd,Male,Dental Hygienist
713,Curr,Worrall,cworralljs@ycombinator.com,Male,Programmer IV
714,Lelia,Lambertson,llambertsonjt@cocolog-nifty.com,Female,Structural Engineer
715,Colene,Letteresse,cletteresseju@arstechnica.com,Female,Geologist IV
716,Gaelan,Whittier,gwhittierjv@netlog.com,Male,Teacher
717,Wallace,Corston,wcorstonjw@simplemachines.org,Male,Financial Analyst
718,Teena,Schechter,tschechterjx@devhub.com,Female,Compensation Analyst
719,Padraig,Watts,pwattsjy@printfriendly.com,Male,Administrative Officer
720,Ignacius,Cooper,icooperjz@last.fm,Polygender,Nurse
721,Jerrilee,Gilroy,jgilroyk0@cnn.com,Female,Human Resources Manager
722,Edvard,Wardroper,ewardroperk1@ning.com,Male,Civil Engineer
723,Kiley,Keune,kkeunek2@seesaa.net,Female,Sales Representative
724,Buck,Hawthorne,bhawthornek3@ebay.com,Male,Developer I
725,Alana,Aikman,aaikmank4@pbs.org,Female,Clinical Specialist
726,Dudley,Olenov,dolenovk5@unblog.fr,Male,Staff Scientist
727,Steward,Ledekker,sledekkerk6@fda.gov,Male,Environmental Tech
728,Chaddie,Glader,cgladerk7@hostgator.com,Genderfluid,General Manager
729,Vivianna,Lampe,vlampek8@jugem.jp,Female,Librarian
730,Budd,Vido,bvidok9@mtv.com,Male,Senior Cost Accountant
731,Flynn,Killby,fkillbyka@123-reg.co.uk,Genderfluid,Speech Pathologist
732,Brandise,Purtell,bpurtellkb@github.io,Female,Junior Executive
733,Ceciley,Babst,cbabstkc@freewebs.com,Female,Nuclear Power Engineer
734,Coreen,Cornish,ccornishkd@delicious.com,Bigender,Analog Circuit Design manager
735,Gannie,Yuryaev,gyuryaevke@quantcast.com,Male,Assistant Professor
736,Vivien,Broxis,vbroxiskf@sourceforge.net,Female,Project Manager
737,Katine,Abbiss,kabbisskg@dropbox.com,Female,Pharmacist
738,Rhianon,Barbour,rbarbourkh@bbb.org,Female,Programmer I
739,Bogart,Rosengarten,brosengartenki@sohu.com,Male,Senior Quality Engineer
740,Marys,O'Connor,moconnorkj@topsy.com,Polygender,General Manager
741,Janey,Minghella,jminghellakk@weather.com,Female,VP Quality Control
742,Frederico,Quan,fquankl@bandcamp.com,Male,Design Engineer
743,Lancelot,Szabo,lszabokm@google.com.hk,Male,Information Systems Manager
744,Reggi,Holley,rholleykn@google.es,Female,VP Marketing
745,Shurlock,Stinchcombe,sstinchcombeko@indiegogo.com,Non-binary,Safety Technician I
746,Anders,Tillerton,atillertonkp@cafepress.com,Male,Assistant Media Planner
747,Jerrold,Summerley,jsummerleykq@salon.com,Genderqueer,Chief Design Engineer
748,Hervey,Dene,hdenekr@newsvine.com,Polygender,Senior Financial Analyst
749,Matelda,Sinclaire,msinclaireks@51.la,Female,Research Assistant IV
750,Gabriell,MacCaughey,gmaccaugheykt@weather.com,Female,Engineer III
751,Ailee,Rosendall,arosendallku@umn.edu,Female,Professor
752,Burk,Northbridge,bnorthbridgekv@china.com.cn,Male,Account Coordinator
753,Lainey,Mountstephen,lmountstephenkw@hp.com,Female,Environmental Specialist
754,Eddie,Cranmer,ecranmerkx@forbes.com,Female,Desktop Support Technician
755,Prue,Ickovici,pickoviciky@europa.eu,Female,Office Assistant I
756,Sybille,Ugoletti,sugolettikz@telegraph.co.uk,Female,Developer IV
757,Caryl,Agastina,cagastinal0@wix.com,Female,Account Executive
758,Enrique,Lademann,elademannl1@shutterfly.com,Male,Assistant Media Planner
759,Doy,Wayt,dwaytl2@taobao.com,Male,GIS Technical Architect
760,Gretchen,Schmuhl,gschmuhll3@umn.edu,Female,Data Coordinator
761,Vinni,Lakeland,vlakelandl4@usa.gov,Female,Budget/Accounting Analyst III
762,Jere,Patzelt,jpatzeltl5@xinhuanet.com,Male,Business Systems Development Analyst
763,Quinlan,Moss,qmossl6@example.com,Male,Help Desk Technician
764,Dawna,Velti,dveltil7@sitemeter.com,Female,Chemical Engineer
765,Cherice,Suttaby,csuttabyl8@amazon.co.uk,Genderfluid,Librarian
766,Hermine,Luberto,hlubertol9@seesaa.net,Female,Food Chemist
767,Idette,Osbourne,iosbournela@taobao.com,Genderqueer,Nurse
768,Danny,Sexstone,dsexstonelb@phoca.cz,Male,Programmer II
769,Stoddard,Kettlestringes,skettlestringeslc@mail.ru,Female,Teacher
770,Sarene,Tumilson,stumilsonld@elpais.com,Female,Financial Advisor
771,Buffy,Clover,bcloverle@xrea.com,Female,Marketing Manager
772,Hilton,Rames,hrameslf@berkeley.edu,Male,Web Designer III
773,Annabella,Ninnoli,aninnolilg@plala.or.jp,Female,Senior Cost Accountant
774,Debee,Lyven,dlyvenlh@furl.net,Female,Accountant II
775,Kipper,Renac,krenacli@yandex.ru,Male,Physical Therapy Assistant
776,Skelly,Perview,sperviewlj@who.int,Male,Director of Sales
777,Cameron,Gosland,cgoslandlk@miibeian.gov.cn,Male,Mechanical Systems Engineer
778,Ilka,Jephcott,ijephcottll@google.pl,Female,Media Manager III
779,Aile,Carlino,acarlinolm@illinois.edu,Female,Analyst Programmer
780,Alix,Banister,abanisterln@yandex.ru,Male,Human Resources Manager
781,Nicki,Libreros,nlibreroslo@cbsnews.com,Female,Nurse
782,Bob,Boland,bbolandlp@hc360.com,Male,Internal Auditor
783,Veriee,Worgan,vworganlq@so-net.ne.jp,Female,Product Engineer
784,Kassi,Arnauduc,karnauduclr@yolasite.com,Female,Safety Technician IV
785,Pamelina,Zorn,pzornls@nih.gov,Female,Nuclear Power Engineer
786,Jasmine,Willford,jwillfordlt@springer.com,Female,Help Desk Operator
787,Annabelle,Wrankling,awranklinglu@stanford.edu,Female,Technical Writer
788,Darnell,Corker,dcorkerlv@jalbum.net,Male,Account Executive
789,Stanley,Freschi,sfreschilw@msu.edu,Male,Financial Advisor
790,Maggy,Patters,mpatterslx@adobe.com,Female,Computer Systems Analyst IV
791,Rafe,Anlay,ranlayly@amazonaws.com,Male,Senior Quality Engineer
792,Newton,Whorall,nwhoralllz@ucla.edu,Male,Engineer I
793,Margaux,Cottingham,mcottinghamm0@ca.gov,Female,Technical Writer
794,Andria,Doelle,adoellem1@google.co.uk,Female,Legal Assistant
795,Nike,Tailour,ntailourm2@acquirethisname.com,Female,Health Coach II
796,Baxie,Ballister,bballisterm3@facebook.com,Male,Software Consultant
797,Alick,Ixor,aixorm4@nyu.edu,Male,Senior Financial Analyst
798,Chad,Hasty,chastym5@ning.com,Agender,Compensation Analyst
799,Fields,Chaston,fchastonm6@dell.com,Male,Software Consultant
800,Shell,Marchant,smarchantm7@seesaa.net,Male,Director of Sales
801,Franklyn,Perren,fperrenm8@theguardian.com,Male,Marketing Assistant
802,Caye,Iskow,ciskowm9@multiply.com,Agender,Community Outreach Specialist
803,Jaime,Towsey,jtowseyma@domainmarket.com,Male,VP Accounting
804,Saunders,Dowey,sdoweymb@goodreads.com,Male,Quality Control Specialist
805,Olia,Aggs,oaggsmc@facebook.com,Female,Programmer I
806,Hinze,Michelotti,hmichelottimd@ezinearticles.com,Male,Chief Design Engineer
807,Corey,Hamper,champerme@utexas.edu,Bigender,Account Executive
808,Catarina,Mungane,cmunganemf@i2i.jp,Female,Marketing Assistant
809,Jule,Langworthy,jlangworthymg@usgs.gov,Male,Registered Nurse
810,Ethelred,Sygroves,esygrovesmh@ameblo.jp,Male,Engineer III
811,Aubine,Nicely,anicelymi@cpanel.net,Female,Desktop Support Technician
812,Omero,Casbon,ocasbonmj@spiegel.de,Male,Research Assistant I
813,Link,Hamer,lhamermk@example.com,Male,Business Systems Development Analyst
814,Cordula,Antram,cantramml@statcounter.com,Female,VP Sales
815,Vittoria,Duck,vduckmm@irs.gov,Female,Engineer III
816,Catriona,Dunnaway,cdunnawaymn@auda.org.au,Female,Project Manager
817,Wendy,Le Lievre,wlelievremo@mediafire.com,Female,Media Manager IV
818,Arvie,Faughey,afaugheymp@miibeian.gov.cn,Male,Clinical Specialist
819,Aurthur,Leverington,aleveringtonmq@marriott.com,Male,Occupational Therapist
820,Penn,Schrir,pschrirmr@ehow.com,Male,Legal Assistant
821,Valentino,Steggals,vsteggalsms@goo.gl,Male,Help Desk Operator
822,Thurston,Ketchen,tketchenmt@unc.edu,Male,Research Associate
823,Dredi,Greenman,dgreenmanmu@clickbank.net,Female,Web Developer I
824,Illa,Arunowicz,iarunowiczmv@w3.org,Female,Senior Sales Associate
825,Zach,Cunningham,zcunninghammw@so-net.ne.jp,Genderfluid,Safety Technician II
826,Sibby,Golt,sgoltmx@linkedin.com,Female,VP Sales
827,Adel,Junifer,ajunifermy@ask.com,Female,Budget/Accounting Analyst III
828,Henry,Sheward,hshewardmz@blogs.com,Male,Marketing Assistant
829,Dael,Golley,dgolleyn0@ftc.gov,Female,VP Marketing
830,Kathye,Sancias,ksanciasn1@jimdo.com,Female,Staff Scientist
831,Care,Arboine,carboinen2@google.ru,Male,Staff Accountant III
832,Linn,Twinborne,ltwinbornen3@addthis.com,Female,Engineer III
833,Brody,MacCorkell,bmaccorkelln4@shutterfly.com,Male,Actuary
834,Gauthier,Beams,gbeamsn5@wordpress.org,Male,Pharmacist
835,Harrie,Iglesia,higlesian6@usa.gov,Female,Assistant Professor
836,Fredek,Prickett,fprickettn7@w3.org,Male,Structural Analysis Engineer
837,Miquela,Cush,mcushn8@washingtonpost.com,Female,Statistician III
838,Adlai,Titmuss,atitmussn9@blinklist.com,Male,Systems Administrator I
839,Tessy,Jozsika,tjozsikana@google.co.jp,Female,Research Associate
840,Hamel,Kinvig,hkinvignb@amazon.com,Non-binary,Occupational Therapist
841,Kristel,Jessopp,kjessoppnc@wikispaces.com,Female,Cost Accountant
842,Mellisent,Waind,mwaindnd@pbs.org,Female,Automation Specialist I
843,Jessalin,Leggett,jleggettne@netscape.com,Female,Dental Hygienist
844,Jeri,Dewer,jdewernf@geocities.jp,Polygender,Developer I
845,Bobette,Kliche,bklicheng@woothemes.com,Female,Senior Sales Associate
846,Gwenneth,Pesticcio,gpesticcionh@linkedin.com,Female,Structural Analysis Engineer
847,Averell,Yerrall,ayerrallni@mozilla.org,Male,Social Worker
848,Celestina,Muat,cmuatnj@wikia.com,Female,Health Coach I
849,Darcy,McNee,dmcneenk@psu.edu,Male,Geologist II
850,Free,Power,fpowernl@mit.edu,Male,Research Associate
851,Beatrix,Gaskal,bgaskalnm@nih.gov,Agender,Quality Engineer
852,Percival,Rickasse,prickassenn@cloudflare.com,Male,Product Engineer
853,Raynor,Behnke,rbehnkeno@vkontakte.ru,Male,Administrative Assistant III
854,Melania,Worsley,mworsleynp@zdnet.com,Female,Research Associate
855,Finn,Leeds,fleedsnq@istockphoto.com,Male,Geologist I
856,Raina,Lonie,rlonienr@163.com,Female,Editor
857,Hobie,Minichi,hminichins@a8.net,Male,Accountant III
858,Annora,Tiffany,atiffanynt@engadget.com,Female,Data Coordinator
859,Gaylor,Bevington,gbevingtonnu@vinaora.com,Male,Programmer I
860,Trish,Fiorentino,tfiorentinonv@dedecms.com,Female,Human Resources Manager
861,Xylia,Sponer,xsponernw@163.com,Female,Human Resources Manager
862,Virgina,Milleton,vmilletonnx@reddit.com,Female,Tax Accountant
863,Gerard,Syder,gsyderny@amazon.co.jp,Male,Internal Auditor
864,Neille,Bickle,nbicklenz@examiner.com,Female,Account Representative I
865,Shandra,Symcox,ssymcoxo0@wordpress.org,Female,Quality Control Specialist
866,Letizia,Vedenisov,lvedenisovo1@xrea.com,Female,Senior Editor
867,Cos,Freegard,cfreegardo2@reverbnation.com,Bigender,Software Engineer IV
868,Elijah,Jelk,ejelko3@mac.com,Male,Financial Analyst
869,Libbie,Campany,lcampanyo4@google.co.uk,Female,VP Accounting
870,Gail,Brownsword,gbrownswordo5@comsenz.com,Male,Analyst Programmer
871,Nina,Murkus,nmurkuso6@gizmodo.com,Female,Automation Specialist III
872,Armand,Yeldon,ayeldono7@deliciousdays.com,Male,Electrical Engineer
873,Vance,Dowse,vdowseo8@disqus.com,Genderqueer,Research Nurse
874,Bob,Becaris,bbecariso9@macromedia.com,Male,Assistant Professor
875,Rich,Inkpen,rinkpenoa@ed.gov,Male,Environmental Specialist
876,Euell,Gollin,egollinob@usa.gov,Male,Financial Advisor
877,Thorn,Leverich,tleverichoc@istockphoto.com,Male,Sales Representative
878,Stanislaus,Medendorp,smedendorpod@baidu.com,Male,Human Resources Assistant III
879,Kassia,Simonot,ksimonotoe@pen.io,Female,Developer I
880,Bail,Dumper,bdumperof@cafepress.com,Male,Senior Developer
881,Cordie,Mellanby,cmellanbyog@go.com,Male,Programmer III
882,Titos,Ofer,toferoh@stumbleupon.com,Genderqueer,Budget/Accounting Analyst I
883,Clarinda,Savoury,csavouryoi@ftc.gov,Female,Business Systems Development Analyst
884,Henryetta,Goligher,hgoligheroj@example.com,Female,GIS Technical Architect
885,Menard,Dutteridge,mdutteridgeok@issuu.com,Male,Business Systems Development Analyst
886,Burg,Codling,bcodlingol@nature.com,Male,Desktop Support Technician
887,Cathi,Favey,cfaveyom@pagesperso-orange.fr,Genderqueer,Senior Financial Analyst
888,Cathryn,Maybey,cmaybeyon@nyu.edu,Female,Senior Editor
889,Nil,Comusso,ncomussooo@opera.com,Male,VP Quality Control
890,Godart,Yegorkov,gyegorkovop@youku.com,Male,Environmental Specialist
891,Frants,Aldine,faldineoq@storify.com,Male,Sales Associate
892,Colby,Raithby,craithbyor@webs.com,Male,Account Executive
893,Joshua,Grigoliis,jgrigoliisos@timesonline.co.uk,Male,Computer Systems Analyst II
894,Leia,Ccomini,lccominiot@slideshare.net,Female,Civil Engineer
895,Ofelia,Camel,ocamelou@patch.com,Female,Community Outreach Specialist
896,Rozele,Lynam,rlynamov@simplemachines.org,Female,Sales Representative
897,Nalani,Moscrop,nmoscropow@sourceforge.net,Female,Structural Analysis Engineer
898,Dion,Silson,dsilsonox@etsy.com,Male,VP Sales
899,Roseanne,Derobert,rderobertoy@mozilla.com,Female,Quality Control Specialist
900,Marthena,Slyme,mslymeoz@europa.eu,Female,Computer Systems Analyst III
901,Giraldo,Oldis,goldisp0@cnn.com,Non-binary,Programmer Analyst I
902,Vivia,Robilart,vrobilartp1@deviantart.com,Female,Programmer Analyst II
903,Lucius,Storrier,lstorrierp2@webnode.com,Male,Structural Analysis Engineer
904,Herb,Croisier,hcroisierp3@dell.com,Male,Programmer III
905,Kaia,Moule,kmoulep4@newsvine.com,Female,Business Systems Development Analyst
906,Arnuad,Duell,aduellp5@google.it,Male,Financial Analyst
907,Faydra,Rawles,frawlesp6@devhub.com,Female,Assistant Media Planner
908,Kris,Momery,kmomeryp7@mediafire.com,Male,Desktop Support Technician
909,Britt,de Clerq,bdeclerqp8@slashdot.org,Male,Research Associate
910,Vittorio,Ibbett,vibbettp9@guardian.co.uk,Male,Environmental Specialist
911,Wells,Clelland,wclellandpa@skyrock.com,Male,Paralegal
912,Ardelia,Burchatt,aburchattpb@storify.com,Female,Environmental Specialist
913,Pembroke,Morriss,pmorrisspc@google.ca,Male,Statistician IV
914,Hewie,Desseine,hdesseinepd@chron.com,Male,Budget/Accounting Analyst II
915,Jobi,Polland,jpollandpe@wikia.com,Female,Assistant Media Planner
916,Alberta,Aked,aakedpf@miibeian.gov.cn,Female,Editor
917,Sharai,Hallowell,shallowellpg@wikipedia.org,Female,Quality Engineer
918,Lorin,MacKettrick,lmackettrickph@example.com,Male,Nurse Practicioner
919,Joscelin,Winscum,jwinscumpi@theguardian.com,Female,Clinical Specialist
920,Analiese,Altimas,aaltimaspj@barnesandnoble.com,Female,Teacher
921,Alfie,Leatherborrow,aleatherborrowpk@virginia.edu,Female,Geological Engineer
922,Davin,Ghest,dghestpl@miitbeian.gov.cn,Male,Statistician III
923,Dylan,Scantlebury,dscantleburypm@dailymotion.com,Male,Senior Developer
924,Ludovika,Yon,lyonpn@dropbox.com,Non-binary,Assistant Manager
925,Ambrosi,Pottinger,apottingerpo@home.pl,Bigender,Chemical Engineer
926,Joice,Croux,jcrouxpp@mediafire.com,Bigender,Software Consultant
927,Korey,Topper,ktopperpq@prnewswire.com,Male,Quality Control Specialist
928,Scarface,MacDuff,smacduffpr@wunderground.com,Male,Automation Specialist I
929,Christophorus,Richford,crichfordps@squidoo.com,Non-binary,Nuclear Power Engineer
930,Erin,Houlridge,ehoulridgept@newsvine.com,Female,GIS Technical Architect
931,Berny,Grint,bgrintpu@seattletimes.com,Female,Legal Assistant
932,Lynne,Burberye,lburberyepv@nsw.gov.au,Female,Human Resources Manager
933,Elisabetta,Ashforth,eashforthpw@shinystat.com,Female,Accountant IV
934,Valentia,Elldred,velldredpx@naver.com,Female,Staff Scientist
935,Julia,Hasluck,jhasluckpy@hexun.com,Female,Senior Quality Engineer
936,Renie,Guerre,rguerrepz@phoca.cz,Female,Marketing Manager
937,Boonie,Bachanski,bbachanskiq0@miitbeian.gov.cn,Male,Account Executive
938,Michele,Napoleon,mnapoleonq1@reference.com,Male,Project Manager
939,Stacy,Gaines,sgainesq2@joomla.org,Male,Recruiter
940,Ciro,Grave,cgraveq3@miitbeian.gov.cn,Male,Geologist IV
941,Zechariah,Fareweather,zfareweatherq4@paginegialle.it,Male,Associate Professor
942,Gert,Gasnoll,ggasnollq5@illinois.edu,Female,Clinical Specialist
943,Siffre,Chsteney,schsteneyq6@spotify.com,Male,Actuary
944,Jaymie,Losebie,jlosebieq7@sbwire.com,Male,Senior Financial Analyst
945,Mickey,Deinhardt,mdeinhardtq8@edublogs.org,Male,Project Manager
946,Nobe,Casperri,ncasperriq9@wired.com,Male,Web Designer I
947,Oralie,Whye,owhyeqa@businesswire.com,Female,Senior Quality Engineer
948,Orazio,Chalker,ochalkerqb@github.io,Male,Financial Analyst
949,Whitney,Razoux,wrazouxqc@nytimes.com,Male,Database Administrator III
950,Clerkclaude,Cowing,ccowingqd@unc.edu,Male,Programmer II
951,Violette,Brodhead,vbrodheadqe@nymag.com,Female,Statistician IV
952,Grover,Juppe,gjuppeqf@geocities.jp,Male,Programmer II
953,Betsey,Muller,bmullerqg@yahoo.com,Female,Food Chemist
954,Josi,Thay,jthayqh@wordpress.org,Female,Civil Engineer
955,Vickie,Culshaw,vculshawqi@usnews.com,Genderqueer,VP Sales
956,Dela,Garrie,dgarrieqj@1688.com,Female,Web Developer I
957,Ramona,Barrabeale,rbarrabealeqk@nih.gov,Female,Assistant Professor
958,Gillan,Mallindine,gmallindineql@canalblog.com,Genderqueer,Librarian
959,Alvy,Brauns,abraunsqm@e-recht24.de,Male,Occupational Therapist
960,Karil,Blanche,kblancheqn@youtu.be,Female,Office Assistant III
961,Olimpia,Danelutti,odaneluttiqo@fema.gov,Female,Data Coordinator
962,Alena,Dray,adrayqp@chronoengine.com,Female,Engineer I
963,Saunders,Gillard,sgillardqq@nba.com,Male,Web Designer III
964,Binnie,Marrington,bmarringtonqr@macromedia.com,Female,Food Chemist
965,Ethan,Baison,ebaisonqs@hc360.com,Male,Accountant IV
966,Junette,Bartell,jbartellqt@latimes.com,Bigender,Tax Accountant
967,Tawsha,Waplington,twaplingtonqu@cam.ac.uk,Female,Quality Control Specialist
968,Lorelei,Rafferty,lraffertyqv@drupal.org,Female,Nurse
969,Ramsey,Arran,rarranqw@webnode.com,Male,Compensation Analyst
970,Hortensia,Bilbrook,hbilbrookqx@wikimedia.org,Genderqueer,Senior Editor
971,Becki,Gaylor,bgaylorqy@latimes.com,Female,Structural Analysis Engineer
972,Cliff,Humby,chumbyqz@wikimedia.org,Male,Occupational Therapist
973,Boniface,MacGragh,bmacgraghr0@typepad.com,Male,Senior Financial Analyst
974,Renato,Windibank,rwindibankr1@whitehouse.gov,Male,Electrical Engineer
975,Agata,Duddle,aduddler2@newsvine.com,Female,Data Coordinator
976,Melodee,Kittoe,mkittoer3@barnesandnoble.com,Female,Dental Hygienist
977,Maryjane,Dumberrill,mdumberrillr4@myspace.com,Female,Technical Writer
978,Haleigh,Pitchford,hpitchfordr5@businessinsider.com,Male,Electrical Engineer
979,Antin,Linkie,alinkier6@multiply.com,Male,Social Worker
980,Lana,Bernasek,lbernasekr7@google.pl,Female,Professor
981,Joycelin,Brotherhed,jbrotherhedr8@blogtalkradio.com,Female,VP Accounting
982,Keefer,Dressel,kdresselr9@springer.com,Male,Mechanical Systems Engineer
983,Bambi,Burgoyne,bburgoynera@nps.gov,Female,Account Executive
984,Zack,Magnus,zmagnusrb@123-reg.co.uk,Male,Human Resources Manager
985,Vasili,Reeks,vreeksrc@disqus.com,Male,Safety Technician II
986,Ynes,Yakebovich,yyakebovichrd@cargocollective.com,Female,Data Coordinator
987,Alvin,Scoyles,ascoylesre@sciencedirect.com,Male,Computer Systems Analyst I
988,Jon,Basley,jbasleyrf@multiply.com,Male,Senior Developer
989,Betta,Knightsbridge,bknightsbridgerg@parallels.com,Female,Database Administrator III
990,Aubrette,Baton,abatonrh@odnoklassniki.ru,Female,Software Test Engineer IV
991,Rodolfo,Frankton,rfranktonri@jiathis.com,Male,Physical Therapy Assistant
992,Dewey,Brose,dbroserj@artisteer.com,Male,Geological Engineer
993,Krissie,Martensen,kmartensenrk@feedburner.com,Female,Software Engineer III
994,Grazia,Weeke,gweekerl@xrea.com,Female,Nuclear Power Engineer
995,Aloisia,Benfell,abenfellrm@cbc.ca,Female,Systems Administrator III
996,Oswell,Simmig,osimmigrn@e-recht24.de,Male,Statistician I
997,Agustin,Coryndon,acoryndonro@nyu.edu,Male,Editor
998,Padraig,Born,pbornrp@ameblo.jp,Male,Budget/Accounting Analyst I
999,Kermy,Pecey,kpeceyrq@jigsy.com,Male,Account Representative I
1000,Chandal,Nockalls,cnockallsrr@smh.com.au,Female,Marketing Assistant
